{
    "name": "root",
    "gauges": {
        "Bird.Policy.Entropy.mean": {
            "value": 0.016385838389396667,
            "min": 0.016385838389396667,
            "max": 0.045425526797771454,
            "count": 28
        },
        "Bird.Policy.Entropy.sum": {
            "value": 163.85838317871094,
            "min": 163.85838317871094,
            "max": 454.2552795410156,
            "count": 28
        },
        "Bird.Step.mean": {
            "value": 279984.0,
            "min": 9984.0,
            "max": 279984.0,
            "count": 28
        },
        "Bird.Step.sum": {
            "value": 279984.0,
            "min": 9984.0,
            "max": 279984.0,
            "count": 28
        },
        "Bird.Policy.ExtrinsicValueEstimate.mean": {
            "value": 4.287545680999756,
            "min": -5.721043586730957,
            "max": 4.287545680999756,
            "count": 28
        },
        "Bird.Policy.ExtrinsicValueEstimate.sum": {
            "value": 686.00732421875,
            "min": -915.366943359375,
            "max": 686.00732421875,
            "count": 28
        },
        "Bird.Policy.GailValueEstimate.mean": {
            "value": 1.6003310680389404,
            "min": 1.5858746767044067,
            "max": 3.294567108154297,
            "count": 28
        },
        "Bird.Policy.GailValueEstimate.sum": {
            "value": 256.052978515625,
            "min": 253.7399444580078,
            "max": 523.836181640625,
            "count": 28
        },
        "Bird.Losses.PolicyLoss.mean": {
            "value": 0.24364392704069351,
            "min": 0.2374782889557107,
            "max": 0.24869098544528048,
            "count": 28
        },
        "Bird.Losses.PolicyLoss.sum": {
            "value": 19.004226309174094,
            "min": 18.285828249589724,
            "max": 19.397896864731877,
            "count": 28
        },
        "Bird.Losses.ValueLoss.mean": {
            "value": 1.5414051317425914,
            "min": 1.5414051317425914,
            "max": 3.877506579783027,
            "count": 28
        },
        "Bird.Losses.ValueLoss.sum": {
            "value": 120.22960027592214,
            "min": 120.22960027592214,
            "max": 302.4455132230761,
            "count": 28
        },
        "Bird.Policy.LearningRate.mean": {
            "value": 0.00013498565500479995,
            "min": 0.00013498565500479995,
            "max": 0.00029698560100479995,
            "count": 28
        },
        "Bird.Policy.LearningRate.sum": {
            "value": 0.010528881090374396,
            "min": 0.010528881090374396,
            "max": 0.022867891277369597,
            "count": 28
        },
        "Bird.Policy.Epsilon.mean": {
            "value": 0.14499520000000002,
            "min": 0.14499520000000002,
            "max": 0.19899520000000004,
            "count": 28
        },
        "Bird.Policy.Epsilon.sum": {
            "value": 11.3096256,
            "min": 11.3096256,
            "max": 15.365625600000001,
            "count": 28
        },
        "Bird.Policy.Beta.mean": {
            "value": 0.0005000000000000001,
            "min": 0.0005000000000000001,
            "max": 0.0005000000000000001,
            "count": 28
        },
        "Bird.Policy.Beta.sum": {
            "value": 0.03900000000000001,
            "min": 0.038500000000000006,
            "max": 0.03900000000000001,
            "count": 28
        },
        "Bird.Policy.GAILPolicyEstimate.mean": {
            "value": 0.12265255740787993,
            "min": 0.12265255740787993,
            "max": 0.2130288726225314,
            "count": 28
        },
        "Bird.Policy.GAILPolicyEstimate.sum": {
            "value": 9.566899477814635,
            "min": 9.547616312642479,
            "max": 16.403223191934917,
            "count": 28
        },
        "Bird.Policy.GAILExpertEstimate.mean": {
            "value": 0.8747598928955449,
            "min": 0.8148606401224819,
            "max": 0.8747598928955449,
            "count": 28
        },
        "Bird.Policy.GAILExpertEstimate.sum": {
            "value": 68.2312716458525,
            "min": 62.74426928943111,
            "max": 68.2312716458525,
            "count": 28
        },
        "Bird.Losses.GAILLoss.mean": {
            "value": 0.3145696274994194,
            "min": 0.3145696274994194,
            "max": 0.5460423111832651,
            "count": 28
        },
        "Bird.Losses.GAILLoss.sum": {
            "value": 24.536430944954713,
            "min": 24.536430944954713,
            "max": 42.04525796111141,
            "count": 28
        },
        "Bird.Policy.GAILGradMagLoss.mean": {
            "value": 0.060173686345393426,
            "min": 0.058852938302387796,
            "max": 0.07751812835433966,
            "count": 28
        },
        "Bird.Policy.GAILGradMagLoss.sum": {
            "value": 4.693547534940687,
            "min": 4.53167624928386,
            "max": 6.046414011638493,
            "count": 28
        },
        "Bird.Environment.EpisodeLength.mean": {
            "value": 1999.0,
            "min": 1999.0,
            "max": 1999.0,
            "count": 28
        },
        "Bird.Environment.EpisodeLength.sum": {
            "value": 9995.0,
            "min": 9995.0,
            "max": 9995.0,
            "count": 28
        },
        "Bird.Environment.CumulativeReward.mean": {
            "value": 82.0,
            "min": -125.2,
            "max": 82.0,
            "count": 28
        },
        "Bird.Environment.CumulativeReward.sum": {
            "value": 410.0,
            "min": -626.0,
            "max": 410.0,
            "count": 28
        },
        "Bird.Policy.ExtrinsicReward.mean": {
            "value": 82.0,
            "min": -125.2,
            "max": 82.0,
            "count": 28
        },
        "Bird.Policy.ExtrinsicReward.sum": {
            "value": 410.0,
            "min": -626.0,
            "max": 410.0,
            "count": 28
        },
        "Bird.Policy.GailReward.mean": {
            "value": 32.675851821899414,
            "min": 32.66290917694569,
            "max": 55.09249918907881,
            "count": 28
        },
        "Bird.Policy.GailReward.sum": {
            "value": 163.37925910949707,
            "min": 163.31454588472843,
            "max": 265.79296627640724,
            "count": 28
        },
        "Bird.IsTraining.mean": {
            "value": 1.0,
            "min": 1.0,
            "max": 1.0,
            "count": 28
        },
        "Bird.IsTraining.sum": {
            "value": 1.0,
            "min": 1.0,
            "max": 1.0,
            "count": 28
        }
    },
    "metadata": {
        "timer_format_version": "0.1.0",
        "start_time_seconds": "1673628513",
        "python_version": "3.7.9 (tags/v3.7.9:13c94747c7, Aug 17 2020, 18:58:18) [MSC v.1900 64 bit (AMD64)]",
        "command_line_arguments": "D:\\Projects\\ML\\Venv\\Scripts\\mlagents-learn config/basic.yaml --initialize-from Pipes_7 --run-id Pipes_8 --force",
        "mlagents_version": "0.29.0",
        "mlagents_envs_version": "0.29.0",
        "communication_protocol_version": "1.5.0",
        "pytorch_version": "1.7.0+cu110",
        "numpy_version": "1.21.2",
        "end_time_seconds": "1673632268"
    },
    "total": 3754.7220811,
    "count": 1,
    "self": 0.007395399999950314,
    "children": {
        "run_training.setup": {
            "total": 0.1101538999999998,
            "count": 1,
            "self": 0.1101538999999998
        },
        "TrainerController.start_learning": {
            "total": 3754.6045318,
            "count": 1,
            "self": 5.956822199892031,
            "children": {
                "TrainerController._reset_env": {
                    "total": 7.8233297,
                    "count": 1,
                    "self": 7.526156,