{
    "name": "root",
    "gauges": {
        "Bird.Policy.Entropy.mean": {
            "value": 0.016698889434337616,
            "min": 0.016698889434337616,
            "max": 0.016698889434337616,
            "count": 1
        },
        "Bird.Policy.Entropy.sum": {
            "value": 171.33059692382812,
            "min": 171.33059692382812,
            "max": 171.33059692382812,
            "count": 1
        },
        "Bird.Step.mean": {
            "value": 9979.0,
            "min": 9979.0,
            "max": 9979.0,
            "count": 1
        },
        "Bird.Step.sum": {
            "value": 9979.0,
            "min": 9979.0,
            "max": 9979.0,
            "count": 1
        },
        "Bird.Policy.ExtrinsicValueEstimate.mean": {
            "value": 3.865985631942749,
            "min": 3.865985631942749,
            "max": 3.865985631942749,
            "count": 1
        },
        "Bird.Policy.ExtrinsicValueEstimate.sum": {
            "value": 738.4032592773438,
            "min": 738.4032592773438,
            "max": 738.4032592773438,
            "count": 1
        },
        "Bird.Policy.GailValueEstimate.mean": {
            "value": 0.003882003715261817,
            "min": 0.003882003715261817,
            "max": 0.003882003715261817,
            "count": 1
        },
        "Bird.Policy.GailValueEstimate.sum": {
            "value": 0.7414627075195312,
            "min": 0.7414627075195312,
            "max": 0.7414627075195312,
            "count": 1
        },
        "Bird.Losses.PolicyLoss.mean": {
            "value": 0.24793718051971322,
            "min": 0.24793718051971322,
            "max": 0.24793718051971322,
            "count": 1
        },
        "Bird.Losses.PolicyLoss.sum": {
            "value": 6.19842951299283,
            "min": 6.19842951299283,
            "max": 6.19842951299283,
            "count": 1
        },
        "Bird.Losses.ValueLoss.mean": {
            "value": 1.2588138087244665,
            "min": 1.2588138087244665,
            "max": 1.2588138087244665,
            "count": 1
        },
        "Bird.Losses.ValueLoss.sum": {
            "value": 31.470345218111664,
            "min": 31.470345218111664,
            "max": 31.470345218111664,
            "count": 1
        },
        "Bird.Policy.LearningRate.mean": {
            "value": 0.00029652588115803994,
            "min": 0.00029652588115803994,
            "max": 0.00029652588115803994,
            "count": 1
        },
        "Bird.Policy.LearningRate.sum": {
            "value": 0.007413147028950999,
            "min": 0.007413147028950999,
            "max": 0.007413147028950999,
            "count": 1
        },
        "Bird.Policy.Epsilon.mean": {
            "value": 0.19884196000000004,
            "min": 0.19884196000000004,
            "max": 0.19884196000000004,
            "count": 1
        },
        "Bird.Policy.Epsilon.sum": {
            "value": 4.971049000000001,
            "min": 4.971049000000001,
            "max": 4.971049000000001,
            "count": 1
        },
        "Bird.Policy.Beta.mean": {
            "value": 0.0005000000000000001,
            "min": 0.0005000000000000001,
            "max": 0.0005000000000000001,
            "count": 1
        },
        "Bird.Policy.Beta.sum": {
            "value": 0.012500000000000004,
            "min": 0.012500000000000004,
            "max": 0.012500000000000004,
            "count": 1
        },
        "Bird.Policy.GAILPolicyEstimate.mean": {
            "value": 0.15917466445427841,
            "min": 0.15917466445427841,
            "max": 0.15917466445427841,
            "count": 1
        },
        "Bird.Policy.GAILPolicyEstimate.sum": {
            "value": 3.9793666113569603,
            "min": 3.9793666113569603,
            "max": 3.9793666113569603,
            "count": 1
        },
        "Bird.Policy.GAILExpertEstimate.mean": {
            "value": 0.8511646102522967,
            "min": 0.8511646102522967,
            "max": 0.8511646102522967,
            "count": 1
        },
        "Bird.Policy.GAILExpertEstimate.sum": {
            "value": 21.279115256307417,
            "min": 21.279115256307417,
            "max": 21.279115256307417,
            "count": 1
        },
        "Bird.Losses.GAILLoss.mean": {
            "value": 0.4123610055040292,
            "min": 0.4123610055040292,
            "max": 0.4123610055040292,
            "count": 1
        },
        "Bird.Losses.GAILLoss.sum": {
            "value": 10.309025137600731,
            "min": 10.309025137600731,
            "max": 10.309025137600731,
            "count": 1
        },
        "Bird.Policy.GAILGradMagLoss.mean": {
            "value": 0.06524943943435313,
            "min": 0.06524943943435313,
            "max": 0.06524943943435313,
            "count": 1
        },
        "Bird.Policy.GAILGradMagLoss.sum": {
            "value": 1.6312359858588283,
            "min": 1.6312359858588283,
            "max": 1.6312359858588283,
            "count": 1
        },
        "Bird.Environment.EpisodeLength.mean": {
            "value": 198.875,
            "min": 198.875,
            "max": 198.875,
            "count": 1
        },
        "Bird.Environment.EpisodeLength.sum": {
            "value": 7955.0,
            "min": 7955.0,
            "max": 7955.0,
            "count": 1
        },
        "Bird.Environment.CumulativeReward.mean": {
            "value": 7.125,
            "min": 7.125,
            "max": 7.125,
            "count": 1
        },
        "Bird.Environment.CumulativeReward.sum": {
            "value": 285.0,
            "min": 285.0,
            "max": 285.0,
            "count": 1
        },
        "Bird.Policy.ExtrinsicReward.mean": {
            "value": 7.125,
            "min": 7.125,
            "max": 7.125,
            "count": 1
        },
        "Bird.Policy.ExtrinsicReward.sum": {
            "value": 285.0,
            "min": 285.0,
            "max": 285.0,
            "count": 1
        },
        "Bird.Policy.GailReward.mean": {
            "value": 0.0,
            "min": 0.0,
            "max": 0.0,
            "count": 1
        },
        "Bird.Policy.GailReward.sum": {
            "value": 0.0,
            "min": 0.0,
            "max": 0.0,
            "count": 1
        },
        "Bird.IsTraining.mean": {
            "value": 1.0,
            "min": 1.0,
            "max": 1.0,
            "count": 1
        },
        "Bird.IsTraining.sum": {
            "value": 1.0,
            "min": 1.0,
            "max": 1.0,
            "count": 1
        }
    },
    "metadata": {
        "timer_format_version": "0.1.0",
        "start_time_seconds": "1673634043",
        "python_version": "3.7.9 (tags/v3.7.9:13c94747c7, Aug 17 2020, 18:58:18) [MSC v.1900 64 bit (AMD64)]",
        "command_line_arguments": "D:\\Projects\\ML\\Venv\\Scripts\\mlagents-learn config/basic.yaml --initialize-from Pipes_9 --run-id Pipes_10",
        "mlagents_version": "0.29.0",
        "mlagents_envs_version": "0.29.0",
        "communication_protocol_version": "1.5.0",
        "pytorch_version": "1.7.0+cu110",
        "numpy_version": "1.21.2",
        "end_time_seconds": "1673634240"
    },
    "total": 196.8232317,
    "count": 1,
    "self": 0.026858500000003005,
    "children": {
        "run_training.setup": {
            "total": 0.10420809999999991,
            "count": 1,
            "self": 0.10420809999999991
        },
        "TrainerController.start_learning": {
            "total": 196.6921651,
            "count": 1,
            "self": 0.06449969999999894,
            "children": {
                "TrainerController._reset_env": {
                    "total": 8.9219177,
                    "count": 1,
                    "self": 8.610669699999999,
                    "children": {
                        "demo_to_buffer": {
                            "total": 0.31124800000000086,