{
    "name": "root",
    "gauges": {
        "Bird.Policy.Entropy.mean": {
            "value": 0.09637457132339478,
            "min": 0.0660414919257164,
            "max": 0.11157436668872833,
            "count": 9
        },
        "Bird.Policy.Entropy.sum": {
            "value": 963.7457275390625,
            "min": 660.4149169921875,
            "max": 1115.74365234375,
            "count": 9
        },
        "Bird.Step.mean": {
            "value": 89984.0,
            "min": 9984.0,
            "max": 89984.0,
            "count": 9
        },
        "Bird.Step.sum": {
            "value": 89984.0,
            "min": 9984.0,
            "max": 89984.0,
            "count": 9
        },
        "Bird.Policy.ExtrinsicValueEstimate.mean": {
            "value": 2.6167080402374268,
            "min": 2.154127597808838,
            "max": 2.8227031230926514,
            "count": 9
        },
        "Bird.Policy.ExtrinsicValueEstimate.sum": {
            "value": 418.67327880859375,
            "min": 344.660400390625,
            "max": 451.63250732421875,
            "count": 9
        },
        "Bird.Policy.GailValueEstimate.mean": {
            "value": 15.3052978515625,
            "min": 14.428243637084961,
            "max": 16.596393585205078,
            "count": 9
        },
        "Bird.Policy.GailValueEstimate.sum": {
            "value": 2448.84765625,
            "min": 2308.51904296875,
            "max": 2655.4228515625,
            "count": 9
        },
        "Bird.Losses.PolicyLoss.mean": {
            "value": 0.24572646794165692,
            "min": 0.24572646794165692,
            "max": 0.2555382987158656,
            "count": 9
        },
        "Bird.Losses.PolicyLoss.sum": {
            "value": 7.617520506191364,
            "min": 7.617520506191364,
            "max": 7.921687260191834,
            "count": 9
        },
        "Bird.Losses.ValueLoss.mean": {
            "value": 0.3179767141869086,
            "min": 0.2717717768835349,
            "max": 0.3986935951360201,
            "count": 9
        },
        "Bird.Losses.ValueLoss.sum": {
            "value": 9.857278139794166,
            "min": 8.424925083389581,
            "max": 12.359501449216623,
            "count": 9
        },
        "Bird.Policy.LearningRate.mean": {
            "value": 0.0002489280170239999,
            "min": 0.0002489280170239999,
            "max": 0.00029692800102399996,
            "count": 9
        },
        "Bird.Policy.LearningRate.sum": {
            "value": 0.007716768527743998,
            "min": 0.007716768527743998,
            "max": 0.009204768031743998,
            "count": 9
        },
        "Bird.Policy.Epsilon.mean": {
            "value": 0.18297600000000006,
            "min": 0.18297600000000006,
            "max": 0.19897600000000004,
            "count": 9
        },
        "Bird.Policy.Epsilon.sum": {
            "value": 5.672256000000002,
            "min": 5.672256000000002,
            "max": 6.168256000000001,
            "count": 9
        },
        "Bird.Policy.Beta.mean": {
            "value": 0.0005000000000000002,
            "min": 0.0005000000000000002,
            "max": 0.0005000000000000002,
            "count": 9
        },
        "Bird.Policy.Beta.sum": {
            "value": 0.015500000000000007,
            "min": 0.015500000000000007,
            "max": 0.015500000000000007,
            "count": 9
        },
        "Bird.Policy.GAILPolicyEstimate.mean": {
            "value": 0.2116890685768017,
            "min": 0.20327272303001856,
            "max": 0.223666713393784,
            "count": 9
        },
        "Bird.Policy.GAILPolicyEstimate.sum": {
            "value": 6.5623611258808525,
            "min": 6.301454413930576,
            "max": 6.933668115207304,
            "count": 9
        },
        "Bird.Policy.GAILExpertEstimate.mean": {
            "value": 0.8003862402872532,
            "min": 0.7947257600684637,
            "max": 0.8061126213200311,
            "count": 9
        },
        "Bird.Policy.GAILExpertEstimate.sum": {
            "value": 24.81197344890485,
            "min": 24.636498562122377,
            "max": 24.989491260920964,
            "count": 9
        },
        "Bird.Losses.GAILLoss.mean": {
            "value": 0.5795045961465646,
            "min": 0.5569118792231206,
            "max": 0.6031097210813514,
            "count": 9
        },
        "Bird.Losses.GAILLoss.sum": {
            "value": 17.964642480543503,
            "min": 17.264268255916736,
            "max": 18.696401353521892,
            "count": 9
        },
        "Bird.Policy.GAILGradMagLoss.mean": {
            "value": 0.03347277725150624,
            "min": 0.03347277725150624,
            "max": 0.04178962966562398,
            "count": 9
        },
        "Bird.Policy.GAILGradMagLoss.sum": {
            "value": 1.0376560947966935,
            "min": 1.0376560947966935,
            "max": 1.2954785196343435,
            "count": 9
        },
        "Bird.Environment.EpisodeLength.mean": {
            "value": 1999.0,
            "min": 1999.0,
            "max": 1999.0,
            "count": 9
        },
        "Bird.Environment.EpisodeLength.sum": {
            "value": 9995.0,
            "min": 9995.0,
            "max": 9995.0,
            "count": 9
        },
        "Bird.Environment.CumulativeReward.mean": {
            "value": 71.8,
            "min": 57.25,
            "max": 74.4,
            "count": 9
        },
        "Bird.Environment.CumulativeReward.sum": {
            "value": 359.0,
            "min": 229.0,
            "max": 372.0,
            "count": 9
        },
        "Bird.Policy.ExtrinsicReward.mean": {
            "value": 53.85,
            "min": 42.9375,
            "max": 55.8,
            "count": 9
        },
        "Bird.Policy.ExtrinsicReward.sum": {
            "value": 269.25,
            "min": 171.75,
            "max": 279.0,
            "count": 9
        },
        "Bird.Policy.GailReward.mean": {
            "value": 303.67914150953294,
            "min": 292.31910808086394,
            "max": 325.9455326318741,
            "count": 9
        },
        "Bird.Policy.GailReward.sum": {
            "value": 1518.3957075476646,
            "min": 1238.1330626010895,
            "max": 1629.7276631593704,
            "count": 9
        },
        "Bird.IsTraining.mean": {
            "value": 1.0,
            "min": 1.0,
            "max": 1.0,
            "count": 9
        },
        "Bird.IsTraining.sum": {
            "value": 1.0,
            "min": 1.0,
            "max": 1.0,
            "count": 9
        }
    },
    "metadata": {
        "timer_format_version": "0.1.0",
        "start_time_seconds": "1673626114",
        "python_version": "3.7.9 (tags/v3.7.9:13c94747c7, Aug 17 2020, 18:58:18) [MSC v.1900 64 bit (AMD64)]",
        "command_line_arguments": "D:\\Projects\\ML\\Venv\\Scripts\\mlagents-learn config/basic.yaml --initialize-from Pipes_5 --run-id Pipes_6",
        "mlagents_version": "0.29.0",
        "mlagents_envs_version": "0.29.0",
        "communication_protocol_version": "1.5.0",
        "pytorch_version": "1.7.0+cu110",
        "numpy_version": "1.21.2",
        "end_time_seconds": "1673626821"
    },
    "total": 706.9556752000001,
    "count": 1,
    "self": 0.007361800000012408,
    "children": {
        "run_training.setup": {
            "total": 0.10088140000000001,
            "count": 1,
            "self": 0.10088140000000001
        },
        "TrainerController.start_learning": {
            "total": 706.847432,
            "count": 1,
            "self": 0.4291589000018803,
            "children": {
                "TrainerController._reset_env": {
                    "total": 7.811452599999999,
                    "count": 1,
                    "self": 7.5080686,